student_id,course_name,number_of_credits,letter_grade
1,Bio 104,4,A
1,Hist 103,3,F
1,Phys 104,4,A
1,MA 102,4,A
1,Span 103,3,B
1,Bio 102,4,A
1,MA 101,4,B
1,Art 101,3,F
1,Eng 102,4,A
1,CS 103,5,F
1,Art 102,4,A
1,Phys 103,4,C
1,Eng 104,5,C
1,PSY 104,5,B
1,Eng 101,3,A
1,Bio 103,5,C
1,Chem 101,3,A
1,Phys 101,5,A
1,MA 104,5,A
1,Hist 104,5,B
1,Phys 102,4,B
1,Eng 103,5,F
1,Chem 102,3,C
1,Art 104,4,F
1,Span 102,3,B
1,Chem 103,5,C
1,Chem 104,3,A
2,Span 101,3,F
2,MA 103,5,C
2,MA 104,3,A
2,Phys 103,5,A
2,Bio 103,5,A
2,PSY 102,5,D
2,Hist 103,3,F
2,Eng 101,4,F
2,Bio 101,4,B
2,Art 102,5,D
2,CS 103,3,A
2,PSY 101,4,C
2,Eng 102,5,A
2,Chem 103,5,C
2,Hist 102,4,D
2,PSY 103,3,A
2,Phys 104,4,C
2,Span 104,3,B
2,Hist 101,4,A
2,CS 102,3,C
2,Phys 101,3,B
2,Eng 103,5,F
3,Phys 101,3,D
3,MA 102,5,A
3,Bio 103,4,F
3,Span 101,3,C
3,Hist 103,4,B
3,CS 104,5,B
3,Bio 104,3,C
3,Hist 101,3,B
3,Chem 102,5,F
3,Hist 104,3,D
3,Bio 102,4,C
3,PSY 101,5,B
3,Chem 103,4,C
3,Bio 101,3,D
3,Eng 102,3,A
3,Art 104,5,F
3,PSY 104,5,D
3,Phys 102,4,C
3,MA 104,5,B
3,CS 102,3,C
3,CS 101,3,C
3,MA 103,4,A
3,Eng 103,5,C
3,Chem 104,4,B
3,Art 103,5,B
3,Span 104,3,A
3,MA 101,5,A
3,Chem 101,4,F
4,Hist 102,4,C
4,Span 103,4,D
4,MA 103,4,F
4,Art 104,5,A
4,MA 101,5,D
4,Bio 103,4,D
4,Chem 101,4,D
4,Hist 104,4,D
4,PSY 104,3,B
4,Chem 103,5,B
4,MA 104,3,A
4,Hist 101,5,F
4,Art 103,5,B
4,Bio 104,3,A
4,Eng 101,4,C
4,CS 104,4,A
4,Chem 104,3,D
4,CS 101,3,A
4,Eng 102,5,B
4,Art 101,3,A
4,PSY 102,3,B
4,PSY 103,5,D
4,Eng 104,3,B
4,Phys 102,4,B
4,Bio 101,3,B
4,Bio 102,5,C
4,Span 104,4,A
5,PSY 102,4,D
5,Span 104,3,D
5,CS 101,3,C
5,Eng 103,3,B
5,CS 102,5,B
5,Hist 104,4,B
5,Art 101,4,F
5,CS 103,3,C
5,PSY 104,3,B
5,Art 104,5,C
5,PSY 101,4,F
5,Eng 104,4,F
5,Hist 103,3,C
5,Hist 101,5,F
5,MA 104,4,B
5,PSY 103,4,A
5,Chem 103,5,D
5,Eng 102,5,C
5,Bio 101,3,F
5,Span 103,3,A
5,MA 102,3,C
6,Phys 102,4,A
6,CS 103,4,A
6,MA 104,4,A
6,Hist 102,3,A
6,MA 101,3,C
6,MA 103,3,C
6,Eng 102,3,A
6,Art 103,5,B
6,PSY 103,3,B
6,PSY 101,4,B
6,PSY 102,5,C
6,Eng 101,4,D
6,Chem 103,3,B
6,CS 104,3,B
6,Eng 103,4,D
6,Span 101,4,D
6,Eng 104,3,B
6,MA 102,5,A
6,Hist 101,4,D
6,Hist 104,3,C
6,Chem 104,3,C
6,Span 104,4,D
7,PSY 102,4,B
7,CS 104,3,F
7,MA 102,3,F
7,Hist 104,4,F
7,Phys 103,3,F
7,Bio 103,5,C
7,Hist 101,4,F
7,Art 102,4,B
7,Hist 103,4,B
7,Span 104,3,A
7,MA 103,3,C
7,MA 101,3,A
7,Phys 102,4,C
7,Chem 101,3,F
7,Bio 102,3,C
7,Hist 102,3,C
7,Phys 104,4,C
7,Chem 104,5,C
7,PSY 101,5,D
7,Art 101,3,C
7,Chem 102,3,B
7,Art 103,4,A
7,Eng 101,5,F
7,Eng 102,4,D
7,CS 101,5,A
8,MA 103,4,D
8,Art 102,3,A
8,Art 101,4,C
8,MA 104,5,C
8,PSY 103,5,A
8,PSY 104,3,B
8,Chem 101,4,D
8,MA 101,4,F
8,Phys 102,4,F
8,CS 104,4,F
8,Eng 102,4,C
8,Hist 102,4,B
8,Bio 104,4,A
8,Eng 103,3,A
8,Bio 101,4,B
8,Eng 101,4,A
8,Chem 103,5,B
8,Eng 104,5,B
8,Phys 103,5,D
8,Phys 101,5,B
8,Chem 102,5,D
8,Span 103,3,C
8,PSY 101,4,A
8,CS 103,4,B
8,Hist 103,3,B
8,PSY 102,3,C
8,CS 102,3,D
8,Span 104,4,D
9,Span 104,4,C
9,Span 102,4,A
9,Hist 103,5,A
9,Bio 104,5,C
9,Art 101,4,B
9,PSY 104,3,A
9,Art 102,5,B
9,CS 103,3,A
9,Chem 103,5,A
9,PSY 103,3,B
9,MA 104,5,F
9,Span 103,3,A
9,Chem 104,4,C
9,MA 103,3,A
9,Hist 102,3,D
9,Phys 103,5,B
9,Span 101,5,C
9,CS 101,4,B
9,Hist 104,4,B
9,Eng 102,4,D
9,Bio 101,4,B
10,Hist 103,4,A
10,Hist 102,4,C
10,CS 101,4,B
10,Eng 103,3,C
10,Hist 101,4,B
10,MA 103,4,C
10,Chem 101,3,A
10,Eng 104,3,A
10,MA 101,3,B
10,Bio 104,5,F
10,CS 103,4,A
10,Phys 103,5,A
10,Bio 103,3,A
10,Span 103,3,B
10,CS 102,4,A
10,PSY 104,5,C
10,Art 101,5,B
10,MA 104,4,C
10,Hist 104,5,B
10,Bio 102,3,D
10,MA 102,4,C
10,PSY 103,5,B
10,Phys 104,3,B
10,Phys 101,3,B
10,Span 102,4,B
10,PSY 102,3,D
10,Art 102,4,D
11,Chem 103,5,C
11,Hist 103,4,F
11,Phys 102,4,D
11,Span 104,4,F
11,CS 102,4,B
11,Art 102,3,C
11,Chem 101,5,A
11,Span 101,3,A
11,MA 101,4,F
11,Chem 102,4,D
11,Phys 101,3,C
11,Bio 101,5,A
11,Hist 104,5,F
11,PSY 101,3,B
11,Eng 101,4,B
11,MA 102,4,C
11,Span 103,4,C
11,Art 104,4,B
11,CS 104,5,F
11,Eng 103,5,A
11,MA 104,3,C
11,MA 103,4,A
11,PSY 103,5,F
11,Bio 102,5,B
11,CS 101,5,B
11,Phys 103,4,F
12,Art 103,5,B
12,Bio 101,4,B
12,PSY 104,4,C
12,Bio 104,5,C
12,MA 102,4,A
12,Phys 102,3,C
12,Bio 102,4,C
12,Span 104,3,B
12,MA 101,5,C
12,CS 101,5,A
12,MA 104,5,A
12,Eng 102,5,A
12,CS 104,4,C
12,Eng 103,5,D
12,Hist 102,5,F
12,CS 102,5,F
12,Span 103,3,F
12,Eng 104,4,C
12,Phys 104,4,A
12,PSY 103,5,B
12,Bio 103,5,C
12,Span 102,4,D
12,Phys 101,3,B
12,Eng 101,3,F
12,Hist 104,4,C
13,Phys 102,4,F
13,Art 101,3,C
13,Span 101,5,A
13,Span 104,5,A
13,Chem 101,4,A
13,PSY 103,4,B
13,Chem 104,5,A
13,MA 101,4,C
13,Hist 103,5,D
13,Hist 104,4,B
13,Bio 103,5,D
13,PSY 102,3,B
13,PSY 101,3,C
13,MA 104,5,C
13,Chem 102,5,A
13,CS 103,4,A
13,Span 103,5,A
13,Eng 101,5,F
13,CS 102,4,A
13,PSY 104,4,B
13,Bio 104,4,C
14,PSY 102,4,B
14,Span 104,3,F
14,Art 104,5,D
14,Phys 104,3,A
14,MA 102,4,F
14,Chem 102,5,B
14,Art 103,3,B
14,PSY 103,4,A
14,Bio 101,3,C
14,CS 104,5,D
14,Chem 101,5,B
14,Art 101,5,B
14,Chem 103,4,D
14,Bio 102,5,A
14,Chem 104,5,C
14,Phys 102,5,C
14,MA 104,5,B
14,Span 102,5,C
14,Hist 103,4,C
14,PSY 104,3,B
14,Hist 102,3,B
14,Eng 102,5,C
14,Bio 104,3,F
14,Bio 103,3,A
14,CS 101,4,D
15,Eng 102,5,F
15,Chem 101,4,F
15,PSY 101,4,C
15,CS 101,3,B
15,Span 103,5,D
15,PSY 104,3,F
15,Art 102,3,B
15,CS 102,5,C
15,Hist 103,5,A
15,Eng 103,5,A
15,Phys 101,4,A
15,MA 103,3,A
15,Art 103,5,A
15,MA 101,3,A
15,Chem 104,4,A
15,PSY 103,5,C
15,Phys 103,5,B
15,MA 104,4,A
15,Span 102,3,D
15,Span 104,5,F
16,MA 103,4,A
16,Chem 102,5,B
16,Eng 103,5,C
16,PSY 104,3,B
16,Bio 104,5,C
16,Eng 104,3,C
16,Hist 102,3,F
16,Bio 101,4,D
16,Eng 102,5,B
16,Art 101,5,A
16,CS 103,5,D
16,Bio 102,3,A
16,MA 104,3,D
16,Phys 101,4,B
16,CS 102,4,B
16,Art 102,3,F
16,Art 104,5,F
16,Hist 104,4,C
16,Chem 104,5,A
16,Phys 102,5,A
16,PSY 101,3,D
16,Span 104,3,D
16,Eng 101,3,B
17,Art 101,5,A
17,CS 103,5,B
17,Art 104,5,D
17,Chem 103,3,D
17,Art 103,3,C
17,Chem 102,3,A
17,CS 104,5,D
17,Span 101,5,B
17,PSY 101,5,B
17,Bio 102,4,C
17,Bio 101,3,C
17,Hist 101,3,C
17,MA 101,3,C
17,Chem 104,5,B
17,Span 104,4,A
17,Bio 103,4,F
17,Hist 104,4,D
17,Eng 103,5,C
17,CS 101,3,B
17,Bio 104,3,C
17,Phys 101,4,C
17,MA 102,5,B
17,Hist 103,4,D
18,Phys 102,3,A
18,Hist 102,3,D
18,Chem 103,3,A
18,Chem 101,3,B
18,Art 104,4,B
18,Hist 103,4,D
18,Chem 102,3,B
18,CS 103,3,B
18,Phys 104,3,D
18,Span 101,4,A
18,Bio 103,4,A
18,Art 101,4,A
18,Span 104,4,A
18,Eng 101,4,D
18,PSY 102,5,A
18,CS 101,5,A
18,Eng 103,4,D
18,Eng 102,5,F
18,PSY 103,3,D
18,Span 103,4,C
18,Phys 103,5,A
18,Chem 104,5,C
18,Art 103,3,B
18,Art 102,5,A
18,PSY 104,4,C
18,Eng 104,3,A
18,Bio 104,5,A
18,Hist 104,3,C
19,PSY 103,4,B
19,Eng 103,3,C
19,Bio 103,5,B
19,Art 102,3,A
19,Bio 102,5,C
19,CS 101,3,C
19,MA 104,4,B
19,Span 102,4,A
19,CS 104,5,A
19,Chem 103,3,C
19,Hist 103,5,B
19,PSY 104,4,B
19,Phys 103,5,A
19,MA 103,4,B
19,Eng 104,5,B
19,Span 101,4,B
19,Bio 104,4,C
19,Span 104,3,A
19,Phys 102,5,A
19,Chem 102,3,B
19,Phys 104,5,C
19,Chem 104,4,A
19,Eng 102,5,B
19,Eng 101,5,B
19,Art 103,3,D
20,PSY 104,3,A
20,Eng 104,3,A
20,Span 103,3,C
20,Phys 101,5,B
20,Phys 104,5,D
20,Hist 104,3,B
20,Phys 103,3,C
20,Chem 104,4,C
20,Span 101,4,D
20,Chem 103,4,D
20,Bio 101,4,C
20,CS 101,3,B
20,Chem 102,5,A
20,MA 101,5,A
20,Eng 103,5,C
20,Span 102,5,C
20,Art 102,4,B
20,CS 104,5,C
20,Chem 101,3,A
20,Bio 102,5,C
20,Art 103,3,B
20,Hist 102,3,B
20,Span 104,3,D
20,MA 103,5,C
20,Phys 102,4,A
20,Art 101,5,C
20,Hist 103,5,C
20,PSY 101,3,F
20,Art 104,5,A
20,CS 103,5,A
21,CS 104,4,A
21,Eng 102,5,C
21,Hist 103,3,B
21,Chem 102,4,A
21,Chem 104,3,B
21,Hist 101,5,F
21,Hist 102,5,B
21,Span 102,4,F
21,Phys 101,4,A
21,Eng 103,5,B
21,MA 102,4,C
21,MA 103,4,C
21,Chem 103,4,C
21,Art 102,4,B
21,PSY 104,4,A
21,Span 103,5,B
21,Eng 104,4,F
21,CS 101,4,F
21,Bio 103,4,C
21,Span 104,3,D
21,PSY 102,3,A
21,Bio 101,5,C
21,CS 103,3,B
21,Span 101,3,F
21,Phys 102,5,B
21,Bio 104,4,B
21,Art 103,4,B
21,Bio 102,4,C
21,Art 101,4,D
21,MA 104,5,B
22,CS 103,4,B
22,Eng 104,5,F
22,Eng 102,4,F
22,Span 104,3,A
22,Bio 102,3,D
22,Chem 104,3,F
22,MA 104,5,B
22,Art 102,5,F
22,Chem 102,3,D
22,Chem 101,5,B
22,CS 102,3,A
22,MA 102,4,C
22,Bio 104,5,B
22,Span 101,3,A
22,PSY 101,3,C
22,MA 101,4,B
22,Chem 103,5,A
22,Hist 102,5,C
22,PSY 104,3,A
22,PSY 103,5,A
22,PSY 102,4,B
22,Bio 103,5,B
22,CS 101,4,B
22,Span 102,3,C
22,Art 103,5,B
22,Hist 101,5,B
22,Hist 103,4,C
22,Phys 104,3,D
23,CS 104,4,C
23,Hist 103,5,B
23,Phys 104,5,C
23,MA 101,5,C
23,PSY 103,5,A
23,Span 101,4,B
23,PSY 104,4,C
23,Hist 104,3,A
23,Chem 102,4,F
23,CS 103,3,A
23,Span 103,3,F
23,Art 102,3,B
23,Hist 102,3,C
23,Span 104,4,C
23,Span 102,5,B
23,Art 101,4,B
23,Chem 104,5,A
23,PSY 101,5,A
23,Eng 102,5,A
23,Hist 101,5,A
24,Chem 103,5,B
24,CS 104,3,A
24,Bio 103,5,D
24,Eng 103,4,B
24,Art 101,5,C
24,Art 102,3,A
24,PSY 101,5,D
24,CS 101,3,F
24,Hist 103,5,A
24,Chem 104,4,D
24,PSY 102,3,A
24,Hist 101,4,C
24,PSY 103,3,F
24,CS 103,5,D
24,Eng 102,5,F
24,Art 103,4,B
24,PSY 104,5,A
24,Hist 104,5,A
24,Chem 102,5,A
24,Bio 104,5,D
24,Eng 104,3,C
24,Phys 102,4,B
24,CS 102,4,C
24,Span 103,4,A
25,MA 104,5,B
25,Art 101,4,C
25,Art 104,3,A
25,Hist 104,5,D
25,CS 102,3,D
25,CS 103,3,C
25,Phys 103,5,B
25,Span 103,5,A
25,Hist 103,5,C
25,PSY 103,4,A
25,Chem 101,5,C
25,Bio 101,3,C
25,Phys 104,4,C
25,Hist 101,5,C
25,MA 102,3,A
25,Bio 104,5,B
25,Art 102,3,B
25,Eng 101,5,C
25,MA 101,5,D
25,Bio 103,5,A
25,Eng 104,4,C
25,MA 103,4,B
25,Hist 102,4,B
25,Span 102,5,B
25,Span 101,4,A
26,Phys 103,5,F
26,Art 102,3,A
26,Phys 101,3,D
26,CS 103,4,C
26,Hist 101,5,F
26,Phys 102,4,B
26,Span 101,4,A
26,MA 101,4,D
26,Hist 103,3,A
26,PSY 101,4,F
26,Chem 103,3,B
26,Bio 101,5,F
26,Hist 104,3,C
26,Chem 101,4,F
26,Span 104,3,B
26,MA 102,5,C
26,PSY 102,5,F
26,CS 104,4,C
26,Bio 104,3,D
26,Eng 103,4,C
26,Span 102,3,D
26,Hist 102,4,A
26,Eng 101,5,B
26,CS 101,5,A
26,Art 103,4,F
26,CS 102,3,D
26,Eng 104,5,A
27,PSY 102,3,A
27,MA 102,4,A
27,PSY 103,4,B
27,Art 104,3,A
27,Phys 104,3,C
27,PSY 104,4,A
27,Art 103,5,C
27,Bio 103,5,C
27,CS 101,3,F
27,Span 101,4,C
27,MA 104,3,C
27,Eng 104,5,C
27,Hist 101,3,C
27,Bio 104,3,F
27,PSY 101,3,B
27,Chem 104,4,C
27,Hist 103,5,B
27,CS 102,3,F
27,Art 102,3,A
27,Span 102,5,F
27,Chem 101,5,C
27,Chem 102,4,B
27,Span 104,4,B
27,Bio 102,4,A
28,Span 104,3,D
28,MA 104,4,D
28,Art 102,3,A
28,Art 103,4,A
28,Hist 104,4,B
28,CS 103,4,F
28,Span 103,4,B
28,Eng 101,5,B
28,Eng 102,4,F
28,Chem 102,3,B
28,Art 101,4,A
28,Phys 102,3,F
28,Chem 104,5,D
28,Span 101,3,A
28,Hist 102,4,C
28,Hist 103,5,F
28,Chem 101,5,A
28,Art 104,5,B
28,Eng 103,5,C
28,MA 103,4,A
28,Bio 103,4,C
29,Bio 103,4,C
29,Span 103,5,A
29,MA 101,4,C
29,Chem 103,4,B
29,Hist 104,4,A
29,Phys 103,3,A
29,Eng 102,5,F
29,Hist 102,5,C
29,Bio 104,3,B
29,CS 104,5,A
29,Chem 102,5,F
29,Art 101,4,F
29,Span 101,5,D
29,Eng 103,5,B
29,MA 102,3,B
29,Art 104,3,D
29,Bio 101,5,D
29,Chem 104,5,B
29,Eng 101,4,F
29,Phys 104,5,F
30,Span 103,5,F
30,Bio 104,4,C
30,Phys 101,4,C
30,Phys 102,4,A
30,Phys 103,3,B
30,PSY 102,3,F
30,Span 104,5,D
30,Art 102,4,F
30,PSY 104,3,C
30,Eng 103,4,B
30,Bio 101,4,C
30,Art 101,5,B
30,Chem 103,3,A
30,MA 104,5,B
30,CS 102,5,A
30,Art 104,5,D
30,PSY 101,5,A
30,Bio 102,3,B
30,Art 103,3,A
30,Hist 103,5,D
30,Chem 104,3,F
30,Hist 104,3,C
30,CS 103,4,B
30,Chem 101,3,C
30,MA 103,4,D
30,MA 101,5,B
31,Eng 104,5,A
31,PSY 102,4,D
31,Phys 102,3,C
31,PSY 101,5,D
31,PSY 104,4,A
31,Bio 102,3,B
31,MA 103,4,D
31,Art 103,3,A
31,CS 104,3,C
31,Span 104,4,A
31,Bio 103,4,A
31,Hist 102,4,D
31,CS 102,5,B
31,Phys 103,3,B
31,Span 102,3,D
31,Eng 103,3,D
31,Art 101,3,F
31,Chem 101,4,D
31,Art 102,4,D
31,Bio 104,3,C
31,Span 103,4,A
31,Span 101,4,C
31,Chem 102,3,B
32,Phys 101,4,D
32,CS 101,5,D
32,Phys 102,3,D
32,MA 101,5,D
32,Span 103,5,C
32,PSY 104,4,C
32,Bio 102,4,B
32,CS 102,5,B
32,Chem 102,3,B
32,Hist 104,3,F
32,Eng 101,3,B
32,Hist 102,3,C
32,Span 101,3,A
32,CS 103,5,A
32,Phys 104,5,B
32,Eng 104,3,F
32,CS 104,3,A
32,MA 104,4,F
32,Chem 103,5,B
32,MA 103,3,B
32,Chem 101,3,A
32,Eng 102,3,C
32,PSY 103,4,C
32,Bio 104,4,F
32,PSY 101,3,F
32,MA 102,3,B
33,Bio 104,3,C
33,PSY 103,3,A
33,Bio 102,4,B
33,Hist 103,4,A
33,PSY 101,5,C
33,Hist 101,3,A
33,Bio 103,5,A
33,Chem 103,5,F
33,CS 104,3,A
33,CS 103,3,D
33,Art 103,4,B
33,CS 101,3,C
33,PSY 104,5,C
33,Hist 102,5,C
33,Chem 102,4,C
33,Span 104,5,D
33,MA 102,3,C
33,Eng 104,5,F
33,PSY 102,5,A
33,Span 102,5,A
33,MA 101,3,A
33,Chem 104,5,C
33,Span 103,5,A
33,Phys 104,4,B
33,CS 102,4,A
33,Art 104,3,B
33,Bio 101,5,B
34,Chem 103,3,C
34,Bio 102,5,D
34,CS 102,4,A
34,Hist 103,5,A
34,Eng 103,5,C
34,PSY 104,4,B
34,PSY 101,5,D
34,Phys 102,5,A
34,Eng 101,3,A
34,Eng 102,3,B
34,Art 101,4,B
34,CS 104,5,F
34,Chem 101,5,D
34,MA 101,5,C
34,MA 104,3,B
34,CS 103,3,C
34,Span 103,4,D
34,Span 104,4,B
34,Bio 104,3,C
34,Eng 104,5,F
34,MA 103,4,C
34,Hist 101,3,A
34,Phys 103,3,B
34,Chem 104,3,B
34,Hist 102,5,F
34,Art 102,5,F
34,CS 101,3,C
34,Span 101,5,C
34,Phys 101,3,B
34,Span 102,3,D
35,Hist 101,5,D
35,Art 101,5,B
35,Bio 103,4,A
35,Hist 102,5,A
35,MA 102,3,B
35,Chem 103,4,A
35,MA 101,4,A
35,Phys 103,3,D
35,Chem 101,3,C
35,Art 104,5,A
35,PSY 101,5,D
35,Phys 101,3,F
35,Chem 102,3,A
35,Span 103,4,C
35,PSY 104,3,C
35,Hist 104,3,C
35,Chem 104,4,C
35,Bio 104,5,C
35,Span 101,3,A
35,Hist 103,4,A
35,CS 101,5,A
35,Eng 103,5,B
35,Art 102,3,B
35,Span 104,4,D
35,Eng 102,3,D
36,Eng 103,4,D
36,Chem 102,3,C
36,CS 102,5,B
36,Eng 102,4,C
36,CS 101,4,A
36,Phys 102,5,A
36,Phys 103,5,A
36,Art 101,3,B
36,Hist 102,3,B
36,Bio 103,4,A
36,Bio 102,4,B
36,Eng 104,5,A
36,CS 104,3,A
36,Phys 104,5,A
36,Span 102,4,C
36,PSY 103,4,B
36,Art 102,4,F
36,PSY 104,5,C
36,Phys 101,5,B
36,Art 103,3,D
36,Hist 104,3,B
36,Span 101,5,C
36,MA 102,4,B
36,MA 101,4,D
36,Hist 103,4,F
36,Span 103,5,D
36,Span 104,5,F
36,Chem 104,3,C
36,Art 104,4,A
36,MA 104,5,A
37,Span 102,4,A
37,Art 103,5,B
37,CS 102,4,C
37,Phys 102,4,C
37,Span 101,5,B
37,Eng 103,3,C
37,Eng 104,5,A
37,MA 104,5,A
37,CS 104,5,A
37,PSY 104,3,A
37,Art 101,4,B
37,MA 101,5,F
37,CS 103,4,D
37,PSY 101,5,C
37,Hist 103,3,C
37,Eng 101,4,A
37,PSY 103,4,B
37,Chem 101,4,F
37,Hist 104,4,A
37,Art 104,5,A
37,Phys 104,3,C
37,CS 101,4,C
37,Span 103,3,D
37,MA 103,4,C
37,Hist 102,5,A
37,Hist 101,4,D
37,Chem 102,3,D
37,Eng 102,3,C
37,Bio 102,4,A
37,Phys 103,5,C
38,Chem 101,4,B
38,Eng 104,5,C
38,PSY 104,4,A
38,Hist 102,3,A
38,CS 103,4,F
38,Hist 104,3,A
38,Bio 103,4,D
38,Span 103,3,B
38,Art 102,5,A
38,Phys 103,5,C
38,Hist 101,4,B
38,CS 102,5,A
38,Phys 104,4,A
38,Phys 101,4,C
38,Hist 103,5,B
38,Phys 102,3,C
38,Eng 101,3,B
38,Eng 103,4,A
38,Bio 101,3,A
38,Chem 102,4,B
38,Art 104,4,F
38,PSY 103,4,A
38,Span 101,4,F
38,MA 103,4,F
39,Hist 104,4,D
39,Eng 104,3,C
39,CS 101,5,F
39,Chem 102,4,F
39,Bio 104,3,B
39,MA 104,5,B
39,Chem 101,4,D
39,Phys 102,4,B
39,PSY 104,3,B
39,Phys 101,4,A
39,Span 102,3,A
39,Phys 104,4,C
39,Bio 101,4,C
39,Chem 103,3,C
39,CS 104,5,A
39,Bio 102,5,B
39,Art 101,5,A
39,Span 101,4,D
39,MA 101,3,B
39,Hist 102,4,B
39,CS 103,3,C
39,Eng 101,4,F
39,PSY 101,3,B
39,Span 104,3,B
39,Hist 101,5,A
40,MA 102,4,D
40,Chem 101,3,F
40,PSY 104,4,B
40,Bio 104,4,F
40,Span 102,3,C
40,Eng 103,4,D
40,Chem 102,3,B
40,Span 104,4,C
40,Art 103,4,B
40,MA 101,3,F
40,Hist 102,4,F
40,Art 102,4,A
40,Phys 104,5,B
40,Phys 102,4,A
40,CS 104,4,B
40,Bio 103,3,A
40,Bio 102,3,C
40,Eng 102,4,A
40,Hist 103,5,C
40,PSY 102,3,B
40,MA 104,3,D
40,Hist 104,5,A
40,Eng 101,5,F
40,Art 101,4,B
40,Chem 104,4,F
40,CS 103,4,C
40,Phys 103,5,B
40,CS 102,3,C
40,Span 101,5,D
40,Eng 104,3,F
41,Chem 101,3,F
41,CS 103,3,C
41,CS 101,5,B
41,MA 101,3,A
41,CS 102,4,C
41,Chem 102,4,F
41,Bio 104,3,B
41,Art 103,5,F
41,Bio 102,3,B
41,Span 101,4,D
41,PSY 102,5,C
41,PSY 101,5,F
41,Phys 103,4,A
41,Eng 101,3,A
41,Hist 103,3,B
41,Hist 104,5,B
41,Hist 101,5,C
41,MA 104,3,D
41,Span 104,3,B
41,Span 103,3,F
41,Art 101,4,B
41,MA 102,4,A
41,Phys 101,5,B
41,Bio 103,5,A
41,Eng 103,4,C
41,Hist 102,3,C
41,Phys 104,5,A
41,Eng 104,4,F
41,Chem 104,3,B
42,Phys 101,4,A
42,Hist 102,5,A
42,MA 101,3,A
42,Eng 104,3,B
42,CS 102,4,B
42,Art 102,3,D
42,Bio 103,4,B
42,Eng 103,4,C
42,Phys 103,5,C
42,PSY 103,5,C
42,Art 101,3,C
42,MA 104,4,A
42,PSY 104,4,A
42,Bio 104,5,D
42,Span 102,3,A
42,CS 103,5,A
42,CS 101,4,A
42,Phys 104,3,B
42,Chem 103,5,B
42,Span 103,4,B
42,CS 104,5,A
42,Chem 102,4,F
42,Hist 101,3,D
42,Span 101,3,D
42,Chem 104,5,A
42,Bio 101,4,A
42,Span 104,4,B
42,Hist 103,4,C
42,Chem 101,5,B
42,Bio 102,3,C
43,Art 103,5,C
43,Art 102,3,F
43,Chem 103,5,B
43,Span 101,3,B
43,MA 101,4,C
43,Chem 101,5,B
43,Phys 103,4,A
43,MA 104,4,D
43,PSY 103,4,D
43,PSY 102,4,C
43,Art 101,4,F
43,Span 103,3,A
43,Phys 101,3,C
43,MA 103,3,B
43,Eng 104,5,C
43,PSY 101,3,A
43,Bio 101,4,A
43,Hist 102,4,D
43,Chem 102,3,D
43,Hist 101,4,C
43,PSY 104,5,C
43,Eng 101,5,D
44,PSY 102,3,C
44,MA 103,4,B
44,Eng 101,4,B
44,Span 103,5,B
44,Art 101,3,C
44,CS 102,4,C
44,Hist 104,4,B
44,Span 102,4,B
44,PSY 101,5,F
44,Phys 103,3,B
44,CS 104,3,D
44,Chem 102,5,C
44,Hist 102,4,C
44,MA 104,4,C
44,Chem 103,4,B
44,Eng 102,3,A
44,Hist 103,4,B
44,Bio 101,5,B
44,MA 101,4,B
44,Art 102,4,A
44,Chem 104,4,C
44,Span 101,4,D
44,Art 104,3,A
44,Phys 101,5,A
44,Eng 104,3,F
45,Eng 101,4,F
45,MA 101,3,C
45,MA 103,3,C
45,Art 104,3,D
45,Span 104,5,F
45,CS 102,5,B
45,Phys 101,4,A
45,PSY 101,3,C
45,Chem 102,3,A
45,Span 103,4,C
45,PSY 102,5,F
45,Hist 102,3,D
45,Hist 103,3,D
45,CS 104,5,B
45,Art 101,4,B
45,Bio 101,3,A
45,Eng 104,5,B
45,MA 102,4,C
45,Eng 103,4,A
45,Eng 102,5,B
45,Bio 103,5,B
45,Bio 102,5,D
45,Bio 104,5,B
45,CS 103,5,C
45,Phys 104,3,C
45,Chem 103,3,D
45,Art 103,5,F
45,MA 104,4,B
45,Hist 101,4,F
45,Art 102,3,A
46,PSY 102,5,C
46,Span 103,4,A
46,Hist 104,3,D
46,Art 101,3,F
46,Span 102,3,D
46,MA 103,5,D
46,Bio 102,3,C
46,Phys 103,3,A
46,PSY 101,5,A
46,Chem 102,4,C
46,CS 103,5,C
46,Phys 104,5,B
46,CS 101,5,C
46,Span 104,4,C
46,PSY 104,4,C
46,Art 104,5,A
46,Span 101,3,F
46,Bio 104,5,B
46,Art 103,4,A
46,MA 101,3,C
46,MA 104,4,B
46,Bio 101,4,C
46,Eng 103,3,B
46,CS 102,3,B
46,CS 104,5,A
46,Eng 101,5,F
46,Phys 101,5,D
46,MA 102,4,C
46,Chem 101,5,D
46,PSY 103,4,C
47,PSY 104,4,A
47,Chem 103,3,F
47,Phys 102,3,C
47,Art 104,3,C
47,Hist 101,4,B
47,Span 103,5,A
47,CS 104,4,F
47,Span 102,3,D
47,PSY 102,4,F
47,MA 101,5,C
47,Hist 104,5,B
47,Art 103,3,C
47,PSY 101,3,A
47,Bio 103,4,F
47,Eng 101,3,A
47,Chem 101,3,A
47,Bio 102,5,A
47,MA 102,3,A
47,Phys 101,3,A
47,PSY 103,3,B
47,Bio 101,4,A
47,Eng 102,4,F
47,MA 104,3,B
47,Bio 104,5,B
48,Chem 103,4,D
48,Bio 102,4,B
48,Phys 102,5,C
48,Span 104,5,C
48,MA 102,4,C
48,Bio 104,4,D
48,Bio 101,4,B
48,Art 101,5,A
48,MA 103,5,F
48,MA 104,5,A
48,Hist 101,3,C
48,Hist 102,3,B
48,PSY 102,3,A
48,Chem 102,3,A
48,Bio 103,5,D
48,CS 101,5,C
48,Phys 104,3,B
48,Eng 104,4,B
48,CS 102,5,C
48,Span 102,4,A
48,MA 101,4,C
49,Eng 104,3,C
49,Hist 103,4,F
49,Hist 101,5,A
49,CS 101,4,C
49,MA 103,3,B
49,Chem 102,3,C
49,Bio 103,3,A
49,Span 103,5,B
49,Phys 101,5,C
49,Art 103,5,B
49,PSY 102,5,C
49,Hist 102,4,F
49,Phys 103,4,A
49,Chem 104,4,A
49,Art 101,4,A
49,CS 103,3,F
49,MA 101,5,D
49,Eng 102,5,C
49,Phys 104,4,B
49,MA 102,5,F
49,Bio 102,4,D
49,Span 104,3,C
49,Art 104,3,C
50,Bio 103,5,F
50,CS 103,4,B
50,Chem 103,5,B
50,Art 101,5,C
50,Bio 102,4,C
50,Hist 104,4,B
50,Span 103,5,B
50,PSY 104,3,A
50,PSY 103,3,A
50,Art 103,3,D
50,Hist 102,3,D
50,CS 102,5,F
50,Eng 104,3,B
50,Phys 101,3,D
50,Bio 104,3,C
50,Hist 101,5,A
50,MA 102,5,A
50,Chem 104,5,F
50,Span 104,4,F
50,CS 101,3,D
50,Span 102,5,B
50,Eng 102,5,B
50,MA 103,4,A
50,Eng 101,4,D
50,CS 104,3,B
50,Art 104,3,A
50,MA 101,5,B
50,Art 102,5,C
50,Span 101,5,B
50,Phys 104,3,C
51,CS 101,3,C
51,Span 103,5,C
51,CS 102,3,A
51,Eng 101,5,A
51,PSY 101,5,B
51,Bio 102,4,A
51,Eng 103,5,B
51,Hist 104,5,D
51,Art 101,5,D
51,Art 103,3,A
51,Phys 102,5,C
51,Bio 101,4,C
51,MA 101,4,A
51,PSY 103,3,F
51,PSY 102,5,D
51,MA 102,3,F
51,Eng 104,3,A
51,Art 102,4,C
51,Bio 103,5,A
51,MA 104,4,B
51,Chem 101,3,D
51,PSY 104,3,B
52,Art 101,4,A
52,Hist 102,3,F
52,Phys 103,3,C
52,Bio 101,4,B
52,Phys 101,5,B
52,Eng 103,5,A
52,Bio 104,4,C
52,Eng 104,3,C
52,MA 102,4,C
52,Hist 101,5,D
52,Eng 101,3,A
52,Phys 102,3,B
52,MA 101,4,B
52,MA 104,5,C
52,MA 103,5,B
52,Chem 104,3,A
52,Phys 104,5,C
52,Span 101,3,C
52,Art 103,5,D
52,Span 103,3,C
52,CS 104,5,A
52,PSY 104,4,C
53,Hist 101,4,A
53,CS 101,3,F
53,CS 104,3,D
53,Phys 102,4,F
53,Chem 102,4,F
53,Art 102,5,A
53,Eng 103,4,B
53,CS 102,5,B
53,Phys 103,3,A
53,MA 102,3,B
53,Bio 101,3,C
53,MA 104,3,F
53,Eng 101,4,A
53,Span 104,5,C
53,Bio 104,3,D
53,Bio 103,3,B
53,Eng 104,3,B
53,Chem 103,5,D
53,Hist 102,3,A
53,Eng 102,5,B
53,Art 104,4,A
53,Hist 103,3,B
53,CS 103,3,C
53,Bio 102,4,B
53,MA 103,4,C
54,PSY 103,3,B
54,Span 103,3,A
54,MA 103,4,D
54,Hist 104,3,C
54,Eng 101,5,D
54,PSY 101,3,A
54,Bio 102,3,A
54,Art 103,4,B
54,CS 101,3,C
54,Hist 103,3,F
54,Span 104,3,F
54,Span 102,5,C
54,MA 104,5,C
54,MA 101,3,B
54,Eng 103,3,C
54,PSY 102,4,F
54,Span 101,4,B
54,Bio 103,3,A
54,Hist 102,3,C
54,Chem 104,3,F
54,Bio 101,3,A
54,Chem 102,4,B
54,Hist 101,4,A
54,Phys 101,3,D
54,Chem 103,5,C
54,Eng 104,5,C
54,MA 102,3,B
54,Phys 103,4,A
54,CS 102,5,C
55,Phys 103,4,A
55,CS 101,4,C
55,Chem 104,5,B
55,Chem 103,3,B
55,Eng 102,4,F
55,Phys 101,5,A
55,Chem 102,5,D
55,PSY 104,4,A
55,Span 101,3,C
55,Eng 103,4,C
55,Art 101,5,B
55,Phys 102,3,B
55,CS 102,3,C
55,Bio 104,4,C
55,Art 103,3,A
55,MA 103,5,C
55,Bio 101,5,B
55,Hist 103,4,B
55,Hist 101,4,C
55,MA 104,5,F
55,Span 102,4,B
56,Hist 102,4,C
56,Eng 101,5,C
56,CS 101,3,A
56,Hist 103,4,D
56,MA 103,4,C
56,Art 102,4,C
56,Bio 101,4,B
56,Span 102,4,F
56,Phys 102,5,A
56,MA 102,4,A
56,Chem 101,5,C
56,CS 104,4,A
56,Eng 103,4,C
56,Chem 103,4,D
56,Eng 102,3,C
56,MA 101,3,A
56,Bio 102,5,A
56,Phys 101,5,B
56,CS 103,4,A
56,MA 104,4,C
56,PSY 101,5,B
56,Span 103,4,F
56,Span 104,3,D
56,Art 101,5,B
56,Art 103,5,B
56,CS 102,4,C
56,PSY 103,5,D
56,Phys 104,5,C
56,Chem 104,3,D
57,PSY 104,3,C
57,Chem 102,4,B
57,CS 101,3,F
57,Eng 102,3,B
57,Phys 101,5,C
57,Chem 104,5,C
57,Hist 103,3,D
57,MA 102,5,D
57,Art 101,4,C
57,Art 103,4,C
57,Chem 103,4,B
57,Bio 104,5,B
57,Hist 101,5,C
57,PSY 101,5,C
57,Span 101,5,A
57,PSY 102,5,F
57,MA 103,5,C
57,MA 101,5,B
57,CS 103,4,D
57,Hist 104,3,A
57,Bio 102,4,C
57,Eng 104,3,F
57,Span 102,3,B
57,Chem 101,4,A
57,Phys 103,5,C
58,Bio 104,3,C
58,Hist 104,5,C
58,CS 101,3,C
58,Phys 104,3,C
58,Chem 104,3,B
58,MA 101,4,C
58,Span 104,3,A
58,Chem 102,4,B
58,Phys 103,4,F
58,Eng 103,4,D
58,Span 103,3,D
58,Chem 103,3,A
58,Bio 103,3,B
58,MA 102,5,B
58,PSY 104,3,A
58,PSY 103,4,F
58,CS 103,5,C
58,CS 102,3,D
58,Phys 102,4,C
58,Chem 101,3,C
58,CS 104,4,A
58,Hist 101,5,D
58,Art 104,4,B
58,Hist 103,3,F
58,Eng 101,3,D
58,PSY 101,5,C
58,PSY 102,3,C
58,Eng 102,4,C
58,Eng 104,3,D
58,MA 104,4,B
59,Span 101,3,B
59,Span 103,3,A
59,PSY 104,3,F
59,Chem 104,4,B
59,CS 102,5,D
59,Bio 101,5,A
59,Eng 104,4,F
59,Hist 104,5,F
59,MA 103,5,B
59,Eng 101,3,D
59,PSY 103,4,A
59,Hist 101,5,B
59,MA 101,5,D
59,Span 104,4,C
59,Phys 102,3,A
59,Chem 102,4,F
59,MA 104,3,D
59,Hist 103,3,A
59,Bio 104,4,B
59,Art 103,5,F
59,PSY 101,5,C
59,Art 104,3,A
59,Eng 103,4,A
59,Chem 103,5,D
59,Art 102,5,A
59,MA 102,3,B
59,CS 103,4,F
59,PSY 102,4,C
59,Span 102,5,B
60,MA 103,4,C
60,MA 101,4,C
60,Art 102,5,C
60,Art 101,3,D
60,Hist 103,5,A
60,Eng 102,4,B
60,Eng 103,3,C
60,CS 104,5,B
60,CS 103,5,A
60,Bio 102,4,A
60,Bio 103,4,F
60,CS 102,5,C
60,Art 104,5,B
60,Chem 101,5,F
60,MA 104,4,D
60,Span 101,4,B
60,Hist 102,5,A
60,Phys 101,5,F
60,Phys 104,4,D
60,Bio 104,3,C
60,Phys 102,4,F
60,Chem 104,4,F
60,Eng 101,5,B
60,PSY 104,4,C
60,Chem 103,3,B
61,CS 102,5,A
61,Phys 104,4,F
61,Bio 102,5,A
61,Chem 102,4,B
61,MA 102,5,D
61,Art 104,4,D
61,Span 104,3,B
61,Bio 104,5,B
61,Eng 103,5,B
61,Chem 103,5,A
61,Hist 104,5,A
61,Phys 101,3,C
61,Bio 103,4,B
61,PSY 102,5,C
61,Span 103,5,D
61,Hist 102,4,C
61,CS 101,5,C
61,MA 103,5,C
61,Span 101,3,C
61,Eng 101,3,A
61,PSY 101,4,A
61,MA 101,3,A
61,Chem 104,3,C
61,Art 102,4,F
61,Eng 104,4,B
61,Chem 101,5,B
61,Bio 101,5,A
61,Hist 101,3,B
61,Hist 103,5,D
61,Span 102,5,D
62,Chem 101,3,C
62,MA 104,4,B
62,Art 102,5,B
62,PSY 103,5,F
62,Phys 104,3,F
62,PSY 104,5,F
62,Eng 101,3,C
62,Chem 103,3,B
62,Phys 101,5,A
62,PSY 101,5,C
62,Span 104,5,F
62,Hist 102,3,B
62,Span 102,3,C
62,CS 104,3,C
62,Eng 104,4,C
62,CS 103,3,A
62,MA 102,4,D
62,Phys 103,4,C
62,Hist 103,5,A
62,Bio 102,3,A
62,Hist 104,3,D
62,Eng 103,5,B
62,Hist 101,3,A
62,Bio 103,5,B
62,Chem 102,5,A
62,CS 102,4,B
62,Eng 102,4,C
62,Art 104,4,B
62,Bio 104,4,B
62,Span 103,4,B
63,Eng 102,4,B
63,Bio 102,4,A
63,Bio 101,3,B
63,Art 101,5,F
63,Chem 102,3,C
63,Hist 101,4,B
63,Hist 102,5,C
63,Art 103,4,A
63,CS 101,4,B
63,PSY 101,5,A
63,Chem 101,3,F
63,PSY 103,4,C
63,Eng 103,4,D
63,CS 103,3,C
63,Span 102,5,B
63,MA 101,5,B
63,Chem 104,3,B
63,PSY 102,3,C
63,Hist 104,5,D
63,CS 104,4,C
63,Art 102,3,C
63,Span 104,3,B
63,MA 102,4,C
63,Phys 103,3,D
63,Span 101,4,B
64,Hist 103,5,A
64,CS 104,4,F
64,Chem 104,5,A
64,Bio 102,5,C
64,Phys 102,3,C
64,Bio 104,5,F
64,Eng 102,3,A
64,MA 102,5,B
64,Chem 103,4,D
64,Span 101,4,B
64,MA 103,4,A
64,PSY 103,3,A
64,Art 102,4,B
64,Art 104,4,C
64,Phys 104,4,A
64,CS 101,4,B
64,Span 104,3,B
64,MA 104,5,C
64,Phys 101,4,A
64,MA 101,3,B
64,Art 103,4,B
65,Phys 104,4,B
65,Hist 102,4,F
65,CS 103,4,F
65,Chem 101,5,A
65,Eng 102,5,C
65,Span 101,4,C
65,Eng 104,5,D
65,Phys 102,3,B
65,Span 102,3,F
65,Hist 104,3,D
65,Chem 103,5,F
65,Bio 101,4,C
65,Eng 101,3,A
65,PSY 103,4,A
65,Art 104,5,C
65,Span 104,4,B
65,MA 103,4,A
65,MA 104,4,B
65,Hist 101,4,F
65,MA 101,4,C
65,Chem 102,3,C
66,Eng 101,3,B
66,Hist 104,5,A
66,MA 103,5,A
66,Span 104,5,B
66,CS 101,4,F
66,CS 103,3,B
66,CS 102,4,C
66,Chem 103,3,F
66,Phys 104,4,D
66,Eng 103,3,B
66,PSY 103,3,B
66,Art 104,4,A
66,Chem 102,5,A
66,Art 101,3,D
66,Span 102,5,D
66,Hist 102,4,A
66,Phys 101,5,D
66,Bio 104,4,A
66,Bio 101,5,F
66,Span 101,4,F
66,Phys 103,4,F
66,Eng 102,5,A
66,Phys 102,4,B
67,Eng 102,3,B
67,CS 101,5,A
67,PSY 102,5,B
67,MA 102,4,A
67,MA 103,4,F
67,PSY 101,3,C
67,CS 102,5,F
67,CS 103,3,A
67,Eng 103,3,C
67,Span 101,5,F
67,Art 103,3,D
67,Bio 104,3,F
67,Phys 101,5,B
67,Chem 103,5,D
67,Chem 102,5,A
67,Phys 103,3,B
67,Bio 103,3,D
67,Phys 102,4,C
67,Art 104,3,A
67,Eng 104,4,A
67,Bio 101,4,D
67,PSY 103,3,D
67,Phys 104,5,C
67,Span 103,4,B
67,Eng 101,3,D
67,Art 102,5,C
67,Hist 101,5,D
67,Chem 104,5,A
67,Hist 103,4,B
67,Chem 101,3,C
68,Eng 104,5,F
68,PSY 104,4,B
68,Art 101,4,C
68,CS 104,4,D
68,Bio 101,4,F
68,Bio 102,5,B
68,MA 104,5,C
68,Eng 101,3,A
68,Hist 104,3,A
68,Bio 104,4,D
68,MA 103,4,B
68,CS 102,5,F
68,PSY 102,4,B
68,PSY 101,3,F
68,Art 104,4,C
68,MA 102,4,A
68,Span 101,5,D
68,Span 104,3,A
68,CS 103,4,B
68,Hist 103,3,B
68,Chem 101,4,A
68,Bio 103,3,B
68,Phys 104,5,A
68,Art 103,5,A
68,Hist 102,4,F
68,Chem 104,4,F
68,Phys 103,3,A
68,CS 101,3,B
68,Eng 103,4,B
69,Phys 103,4,A
69,CS 103,4,A
69,Hist 102,3,A
69,Span 101,3,A
69,MA 103,3,A
69,Span 104,4,C
69,Eng 104,5,F
69,Hist 103,3,A
69,CS 104,4,B
69,Span 102,5,C
69,PSY 103,4,B
69,Hist 101,4,C
69,MA 101,3,A
69,PSY 101,5,B
69,Span 103,3,D
69,Phys 104,4,A
69,Chem 104,4,A
69,Bio 103,5,A
69,Chem 101,5,B
69,Phys 102,5,B
69,MA 104,3,A
70,Span 103,3,A
70,Span 102,3,D
70,Eng 104,5,A
70,Chem 104,4,C
70,Art 104,5,A
70,Phys 102,3,B
70,Eng 103,4,D
70,PSY 102,4,A
70,Chem 101,5,C
70,MA 104,4,C
70,Hist 102,3,C
70,MA 102,3,D
70,Bio 102,3,A
70,Art 103,4,A
70,Phys 103,5,D
70,Eng 101,4,A
70,PSY 104,5,B
70,CS 104,3,A
70,Hist 104,3,C
70,CS 103,5,A
70,Eng 102,3,B
70,Phys 104,5,F
70,PSY 103,3,F
70,CS 102,4,A
70,Hist 101,4,B
70,MA 103,5,D
70,Art 101,3,B
71,Eng 103,4,B
71,MA 102,4,C
71,Eng 101,3,D
71,Chem 101,3,A
71,Phys 104,4,D
71,Phys 102,4,C
71,Art 103,4,D
71,Hist 103,3,A
71,Hist 104,3,F
71,Chem 103,5,C
71,Eng 102,3,F
71,Hist 101,5,D
71,PSY 101,4,B
71,CS 104,5,B
71,CS 102,3,D
71,Phys 103,3,A
71,Span 102,4,C
71,PSY 104,4,A
71,Span 101,5,B
71,CS 101,4,F
71,CS 103,4,C
72,Chem 101,4,C
72,MA 103,4,C
72,Span 103,5,B
72,Hist 103,4,A
72,Art 103,3,F
72,Phys 103,4,B
72,Chem 103,4,B
72,Bio 102,5,F
72,Span 102,3,B
72,PSY 103,3,A
72,Eng 103,3,A
72,Hist 102,5,A
72,Eng 104,5,A
72,Span 101,3,C
72,Bio 103,5,D
72,Bio 101,5,B
72,Chem 104,3,B
72,Chem 102,5,F
72,MA 102,3,D
72,Bio 104,5,A
72,Art 104,5,A
72,CS 103,3,F
72,CS 104,3,D
72,MA 104,4,A
72,Art 102,3,B
72,Phys 102,4,D
72,Art 101,4,B
72,MA 101,3,A
72,Span 104,3,C
72,Phys 101,3,C
73,Art 104,3,B
73,Art 102,3,B
73,Hist 102,4,D
73,Bio 101,5,A
73,Chem 102,4,D
73,MA 104,3,C
73,Span 103,5,B
73,PSY 101,5,B
73,Chem 101,3,A
73,Hist 104,4,C
73,Art 101,3,C
73,Eng 102,3,C
73,MA 102,4,C
73,Bio 104,3,C
73,Bio 102,5,B
73,Phys 101,5,C
73,PSY 104,5,A
73,Span 102,5,A
73,CS 104,3,B
73,MA 103,5,C
73,Art 103,5,B
73,Eng 104,5,B
73,Eng 103,5,A
74,Eng 101,5,A
74,Art 103,4,C
74,Bio 101,4,F
74,Chem 104,3,B
74,Bio 103,3,D
74,Span 101,5,D
74,Bio 104,5,B
74,Phys 103,3,A
74,Phys 102,5,D
74,Art 101,5,B
74,Chem 102,5,B
74,Hist 101,4,F
74,PSY 104,5,D
74,MA 103,3,B
74,Hist 103,3,F
74,Bio 102,3,D
74,Chem 101,3,A
74,CS 101,3,A
74,PSY 101,5,D
74,Hist 104,4,A
74,Art 102,3,B
74,Hist 102,3,D
74,Span 102,5,F
75,Phys 103,4,F
75,Chem 102,4,A
75,CS 104,5,B
75,Bio 102,4,D
75,MA 103,4,B
75,Eng 102,4,A
75,Hist 101,4,B
75,Art 103,4,D
75,CS 103,4,C
75,Bio 101,3,B
75,Hist 104,3,B
75,Bio 103,5,A
75,Chem 104,5,A
75,Hist 103,3,F
75,CS 101,5,A
75,MA 102,3,B
75,Art 102,5,C
75,Hist 102,4,A
75,Phys 101,5,A
75,Art 101,5,F
75,MA 104,4,D
75,Art 104,5,A
75,Bio 104,5,C
75,PSY 101,3,A
75,Span 101,4,A
76,CS 102,4,B
76,Span 101,5,C
76,PSY 104,3,A
76,Phys 103,5,B
76,Span 102,3,C
76,CS 103,4,B
76,Eng 103,4,A
76,Eng 101,3,D
76,PSY 103,3,D
76,CS 104,4,A
76,Bio 104,4,B
76,PSY 102,4,B
76,Art 104,4,B
76,Hist 102,5,A
76,Phys 102,5,F
76,Hist 103,4,A
76,Chem 104,4,A
76,Art 102,3,A
76,Hist 101,5,A
76,MA 103,4,A
76,Art 103,3,D
76,Bio 101,4,C
76,Hist 104,4,A
76,Art 101,5,A
77,Phys 101,3,B
77,Art 101,4,D
77,Chem 103,5,B
77,Span 104,3,A
77,PSY 101,5,C
77,PSY 104,4,D
77,Hist 101,3,D
77,Art 104,4,D
77,PSY 102,4,F
77,MA 104,4,A
77,Chem 102,4,B
77,Span 103,3,A
77,Span 102,4,C
77,Phys 102,4,C
77,Hist 104,5,B
77,Eng 102,3,B
77,Hist 103,3,A
77,Span 101,5,F
77,CS 103,3,B
77,Eng 104,4,A
77,CS 101,5,D
77,Bio 103,3,D
77,MA 103,5,F
77,CS 102,3,C
77,Chem 101,3,C
77,Eng 101,5,C
77,Phys 103,5,A
78,Phys 104,5,B
78,Chem 102,5,B
78,Art 101,5,D
78,Hist 103,5,D
78,CS 103,5,C
78,Bio 104,3,A
78,Bio 103,4,A
78,Art 103,3,B
78,CS 101,4,C
78,Bio 101,3,F
78,Span 103,3,A
78,Phys 102,3,A
78,Art 102,4,F
78,PSY 102,4,B
78,Bio 102,5,A
78,MA 103,3,F
78,PSY 101,3,C
78,Chem 104,4,B
78,MA 101,3,D
78,CS 102,5,B
78,PSY 103,5,C
78,PSY 104,4,F
78,MA 102,3,F
78,Phys 103,3,C
78,Span 104,5,A
78,Eng 104,3,A
78,Chem 103,4,C
79,Phys 103,3,A
79,Chem 104,5,A
79,MA 102,4,F
79,CS 102,4,B
79,Hist 102,4,B
79,Bio 104,5,C
79,Eng 102,4,B
79,Eng 103,5,B
79,Span 103,4,A
79,Bio 103,3,C
79,CS 104,3,C
79,CS 103,3,D
79,Phys 104,4,C
79,Art 103,3,F
79,Bio 101,4,A
79,Chem 102,4,A
79,PSY 104,3,B
79,Art 104,5,B
79,Eng 104,3,C
79,MA 101,4,A
79,Chem 101,4,C
79,PSY 101,3,B
79,Art 102,5,C
79,Hist 103,3,C
79,Chem 103,5,F
79,Eng 101,3,A
79,MA 104,5,A
79,Phys 101,3,B
79,Art 101,3,F
80,Art 101,4,A
80,Bio 103,3,B
80,Art 104,5,A
80,Art 102,3,B
80,PSY 102,4,B
80,MA 103,5,C
80,CS 102,3,C
80,Bio 102,5,B
80,CS 104,5,C
80,Eng 104,3,C
80,Span 104,5,A
80,Chem 104,4,A
80,Eng 101,4,A
80,Chem 103,3,A
80,Chem 102,5,F
80,PSY 101,5,C
80,Span 103,4,B
80,PSY 103,3,C
80,Phys 101,4,B
80,Phys 103,4,F
80,Chem 101,3,F
80,CS 101,3,C
80,Hist 104,5,A
80,MA 101,5,B
80,Phys 102,4,C
80,Span 101,3,B
81,Phys 103,5,A
81,Phys 102,5,A
81,PSY 103,3,F
81,Phys 101,4,B
81,Bio 102,4,C
81,CS 103,5,A
81,Chem 103,3,B
81,Hist 103,5,A
81,Bio 104,5,C
81,Art 101,4,D
81,Eng 102,3,C
81,Chem 104,5,A
81,CS 102,3,A
81,MA 103,4,D
81,Chem 101,3,B
81,Bio 101,5,C
81,MA 102,5,C
81,Phys 104,3,B
81,Hist 104,5,A
81,Span 102,4,B
81,Eng 103,4,D
81,PSY 101,4,A
82,Eng 104,5,C
82,Hist 103,5,C
82,Eng 102,5,A
82,Eng 103,3,A
82,Art 102,4,A
82,Art 101,5,D
82,Hist 102,5,B
82,Phys 104,5,F
82,CS 102,3,D
82,Art 104,3,B
82,CS 104,5,B
82,PSY 102,3,C
82,Phys 101,4,F
82,Chem 101,3,D
82,Art 103,4,F
82,Hist 101,3,F
82,CS 103,3,F
82,Hist 104,4,B
82,CS 101,3,B
82,Bio 104,5,D
82,Chem 104,4,F
82,Eng 101,3,A
82,Chem 103,4,F
82,Phys 102,4,B
83,Eng 102,4,A
83,Eng 103,4,F
83,Eng 104,4,B
83,Art 103,4,A
83,Art 102,5,B
83,MA 102,3,B
83,PSY 103,4,F
83,MA 104,4,D
83,Hist 104,3,B
83,Art 104,3,C
83,MA 101,5,B
83,CS 103,4,A
83,CS 102,4,D
83,CS 101,4,A
83,Phys 101,4,B
83,Bio 103,4,C
83,Phys 103,5,B
83,Hist 103,3,A
83,PSY 101,5,A
83,PSY 104,4,D
84,Phys 101,5,A
84,Hist 101,5,A
84,Span 102,4,C
84,PSY 104,4,B
84,Bio 104,3,B
84,Art 101,3,A
84,MA 103,5,F
84,Eng 102,3,D
84,Chem 104,3,D
84,CS 102,5,A
84,Span 103,5,F
84,Phys 102,5,C
84,MA 104,3,C
84,Bio 103,4,F
84,Art 103,3,F
84,Hist 102,4,B
84,CS 104,3,C
84,Span 104,4,F
84,PSY 102,3,C
84,MA 102,3,F
84,Art 102,5,A
84,Eng 104,4,F
85,Bio 101,4,B
85,Span 102,3,C
85,Span 103,3,B
85,Art 103,4,D
85,Span 101,5,F
85,Art 102,4,B
85,Eng 104,4,C
85,Hist 102,5,C
85,MA 103,3,F
85,CS 102,4,A
85,MA 101,4,A
85,MA 102,4,B
85,Phys 104,5,A
85,CS 103,3,D
85,Hist 101,5,A
85,Eng 102,5,C
85,Hist 103,4,B
85,Hist 104,5,D
85,Eng 101,3,A
85,Art 101,4,C
86,Span 104,4,F
86,Bio 101,5,C
86,Phys 101,4,C
86,Bio 104,5,B
86,Eng 104,3,A
86,MA 103,5,C
86,Art 103,4,A
86,Chem 101,3,B
86,CS 104,3,B
86,MA 102,3,A
86,Hist 104,3,C
86,Phys 104,5,F
86,Span 102,3,A
86,Phys 103,4,C
86,CS 102,5,B
86,Hist 103,5,B
86,MA 104,4,F
86,Span 101,3,A
86,Art 104,4,A
86,Art 101,3,C
86,Phys 102,3,D
86,Hist 101,3,A
86,CS 101,3,A
87,Phys 103,5,C
87,Span 104,3,B
87,PSY 103,5,C
87,MA 101,5,A
87,CS 103,5,C
87,Bio 101,3,C
87,PSY 102,5,A
87,PSY 101,3,D
87,MA 104,4,C
87,Hist 101,4,B
87,Chem 102,5,F
87,Hist 103,3,A
87,MA 103,5,D
87,PSY 104,4,F
87,Hist 104,5,B
87,Span 101,4,A
87,Span 102,5,C
87,Span 103,5,D
87,Chem 101,4,C
87,Bio 104,3,A
87,Art 102,5,B
87,CS 102,3,A
87,Art 104,3,A
87,Art 101,5,C
87,Bio 102,3,D
87,CS 101,3,A
87,Phys 101,5,F
88,Phys 102,4,A
88,MA 103,5,A
88,PSY 104,4,A
88,MA 102,3,D
88,Art 103,3,B
88,Phys 104,3,C
88,Hist 101,5,C
88,Span 104,5,A
88,CS 101,3,B
88,PSY 103,5,C
88,PSY 102,3,A
88,Eng 104,3,A
88,Span 103,5,C
88,CS 104,3,C
88,Chem 103,4,B
88,Phys 101,3,F
88,Art 102,3,A
88,Hist 104,4,D
88,CS 103,4,D
88,Eng 101,4,B
88,Bio 102,4,B
88,Bio 101,5,A
88,Span 101,5,C
88,Hist 102,3,F
88,PSY 101,3,C
88,Bio 103,4,A
88,MA 104,4,D
88,Bio 104,3,F
88,MA 101,4,D
89,CS 101,4,C
89,Span 101,4,D
89,Chem 102,5,B
89,Phys 103,3,C
89,Span 104,3,B
89,Art 101,3,D
89,Chem 101,5,B
89,Phys 102,3,B
89,Eng 103,5,A
89,MA 103,4,C
89,PSY 104,3,D
89,Eng 101,5,A
89,Hist 103,4,F
89,Eng 102,5,A
89,Bio 102,4,C
89,Hist 102,4,D
89,Hist 101,5,A
89,MA 104,4,A
89,PSY 103,4,B
89,Bio 103,3,A
89,MA 102,4,A
89,Art 103,5,D
89,PSY 101,4,F
90,Phys 102,4,B
90,MA 103,3,F
90,Phys 101,4,D
90,CS 102,5,B
90,Hist 102,5,A
90,Hist 103,5,D
90,Bio 102,4,C
90,Eng 104,4,A
90,PSY 104,4,D
90,Hist 101,5,B
90,Chem 103,5,F
90,Hist 104,4,A
90,PSY 102,5,A
90,Chem 102,4,B
90,Span 103,5,A
90,Span 104,4,C
90,Chem 104,3,D
90,Eng 102,4,A
90,PSY 103,5,B
90,CS 101,4,C
90,Eng 101,4,C
90,Art 103,3,B
90,MA 102,5,B
91,Bio 104,4,D
91,Chem 104,3,B
91,Art 103,3,B
91,Hist 102,4,C
91,Art 102,5,D
91,CS 103,5,F
91,Phys 104,5,C
91,CS 102,3,A
91,Hist 101,5,B
91,Art 104,5,A
91,Span 103,4,B
91,Span 101,4,C
91,Eng 101,5,B
91,PSY 101,5,A
91,Chem 102,4,A
91,MA 104,3,B
91,MA 102,5,F
91,Span 102,3,A
91,PSY 102,4,C
91,Phys 103,3,B
91,MA 101,4,A
91,Span 104,5,C
92,Art 104,5,B
92,Span 101,4,C
92,Span 103,4,B
92,Hist 104,3,B
92,MA 103,4,C
92,Art 101,4,B
92,Art 103,4,C
92,Phys 104,5,C
92,Hist 102,4,A
92,Bio 102,3,B
92,Phys 103,3,B
92,CS 103,4,C
92,PSY 104,4,A
92,Eng 102,5,F
92,CS 104,4,F
92,CS 101,4,C
92,PSY 102,4,C
92,Bio 101,4,A
92,Phys 101,4,F
92,MA 104,4,D
92,Eng 104,3,A
92,CS 102,5,F
92,Chem 104,5,B
93,Eng 103,3,C
93,MA 103,5,F
93,MA 101,4,F
93,Phys 101,4,C
93,Phys 104,5,B
93,CS 104,3,F
93,Span 104,4,C
93,CS 101,3,C
93,PSY 103,4,F
93,Chem 103,4,C
93,Bio 101,4,C
93,Art 104,4,F
93,Bio 102,3,B
93,Eng 101,4,B
93,MA 102,3,B
93,PSY 101,5,C
93,MA 104,5,F
93,CS 103,4,B
93,Chem 101,3,B
93,Hist 103,4,F
93,Hist 104,4,D
94,Eng 103,5,C
94,Span 103,4,C
94,Bio 104,4,B
94,Phys 102,4,C
94,Art 104,3,C
94,Art 102,4,C
94,Span 102,4,A
94,PSY 103,3,D
94,MA 103,5,B
94,Hist 103,4,C
94,PSY 102,3,C
94,Chem 103,4,B
94,CS 104,5,B
94,Span 104,3,C
94,Phys 103,4,A
94,Eng 102,4,B
94,Bio 101,5,B
94,Bio 102,5,A
94,MA 101,5,D
94,MA 102,4,A
94,Phys 104,5,A
95,MA 101,3,C
95,CS 101,3,A
95,Phys 103,3,A
95,Chem 101,5,C
95,Phys 102,4,F
95,PSY 102,4,B
95,Phys 101,3,D
95,Eng 102,5,A
95,Art 101,3,C
95,MA 104,3,D
95,Span 103,5,C
95,CS 102,3,B
95,Bio 101,4,D
95,Chem 102,3,D
95,Chem 103,5,A
95,PSY 103,5,D
95,Art 104,5,C
95,Bio 103,5,A
95,Bio 102,3,D
95,Bio 104,4,A
95,CS 104,3,A
95,Hist 104,5,C
95,Eng 101,3,F
95,Hist 102,3,A
95,Hist 103,5,C
96,Span 103,3,B
96,Art 102,5,B
96,MA 101,4,A
96,Phys 104,5,D
96,Eng 102,3,A
96,PSY 103,3,C
96,Span 101,4,C
96,Eng 101,3,B
96,Art 101,5,A
96,CS 104,5,A
96,CS 103,5,D
96,CS 101,4,C
96,CS 102,4,C
96,Eng 103,5,D
96,PSY 104,5,C
96,Chem 101,3,A
96,Chem 103,5,C
96,Hist 104,5,C
96,Chem 104,4,C
96,Art 103,3,A
96,Chem 102,5,B
96,MA 104,4,C
96,Phys 101,4,A
96,PSY 102,5,C
97,Phys 104,3,C
97,Bio 102,4,A
97,Phys 101,3,F
97,Span 104,5,B
97,Bio 103,4,A
97,Chem 102,3,A
97,Eng 102,4,A
97,CS 101,3,A
97,Hist 103,5,D
97,Hist 102,5,B
97,CS 102,3,A
97,Phys 103,5,A
97,Hist 101,4,A
97,Art 101,4,D
97,Bio 104,3,D
97,PSY 104,3,B
97,MA 104,5,D
97,Hist 104,4,F
97,Chem 104,4,A
97,MA 103,5,A
98,Chem 103,5,F
98,MA 103,4,F
98,Phys 104,5,A
98,Bio 104,3,D
98,Bio 102,5,B
98,Eng 103,4,C
98,Span 102,4,C
98,CS 102,5,C
98,Chem 102,4,D
98,Hist 101,3,A
98,Art 102,3,B
98,Chem 101,4,B
98,Bio 101,4,B
98,CS 101,4,B
98,PSY 101,5,C
98,Span 103,3,B
98,Phys 101,5,C
98,Phys 103,5,A
98,MA 104,5,A
98,CS 103,5,F
98,Art 103,5,C
98,Hist 104,5,B
98,Chem 104,5,C
98,Bio 103,4,F
98,Art 104,5,D
99,Bio 103,3,A
99,Hist 102,5,B
99,Span 104,5,A
99,MA 101,5,F
99,Span 101,3,D
99,Hist 104,3,F
99,MA 103,4,A
99,Phys 101,5,F
99,PSY 101,5,C
99,Phys 102,4,F
99,CS 104,4,A
99,Span 103,5,B
99,Chem 101,5,C
99,PSY 102,3,F
99,Eng 103,5,D
99,Hist 101,4,A
99,Phys 103,3,D
99,Phys 104,5,D
99,CS 101,5,B
99,Art 102,3,A
99,MA 102,4,A
99,Span 102,3,A
99,Eng 102,4,C
99,Art 104,4,B
99,Chem 104,4,F
99,Chem 103,3,A
99,Chem 102,4,A
99,PSY 104,4,B
100,Span 101,5,A
100,Hist 102,4,A
100,PSY 103,5,C
100,Chem 102,5,A
100,Hist 104,3,D
100,Hist 103,4,C
100,Bio 104,4,A
100,Chem 101,5,B
100,Art 104,4,B
100,Eng 103,5,A
100,Eng 104,4,B
100,PSY 101,3,C
100,MA 102,4,D
100,Phys 101,4,B
100,Art 102,4,C
100,Bio 102,5,A
100,Art 103,5,B
100,PSY 102,5,C
100,PSY 104,5,C
100,Eng 102,4,C
100,Bio 101,5,B
100,MA 101,3,C
100,Chem 103,3,B
100,MA 104,4,F
100,Span 103,5,D
100,CS 103,3,C
100,MA 103,5,B
